,Rainfall,Depth_to_Groundwater,Temperature,Drainage_Volume,River_Hydrometry
RMSE,61.215371096270886,15.704348160668351,9.530669678517304,832782.8629848938,0.2660049141017086
MAE,46.38630798618968,15.653366213911765,7.468101346186717,829572.5263930251,0.2203190293395072
MAPE,70.4789873512276,61.367303935867156,43.68600019329309,99.99978842616312,8.66426530824124
