,Rainfall,Depth_to_Groundwater,Temperature,Drainage_Volume,River_Hydrometry
RMSE,5.582635611789947,0.1212430846341041,2.048894883419245,1612.6559099818187,0.10221310595789317
MAE,2.450916129222717,0.09280823402605214,1.5294242196765684,1204.6647697404528,0.06744576367648931
MAPE,inf,0.36778315732513706,inf,4.5597572375330975,2.5520604564831286
